id,name,email,address,signup_date
1,Judith Glenn,matthew75@example.com,"48732 Craig Square, Christopherstad, VI 43156",2020-12-24
2,Francisco Sanders,steven25@example.com,"6429 Singleton Parkways Suite 066, Hoffmanstad, SD 85095",2023-02-04
3,Steven Salas,matthewnelson@example.org,"86653 Brandon Stream Apt. 659, Andersonfort, MN 95572",2024-02-29
4,Joyce Lewis,sonia91@example.org,"4543 Paula River Apt. 706, Mitchellmouth, ID 60462",2023-11-14
5,William Frazier,janiceleon@example.org,"PSC 1201, Box 7375, APO AP 48913",2023-11-09
6,Michelle Roberts MD,znichols@example.net,"03149 Joshua Prairie Suite 805, East Adam, MN 17867",2022-01-30
7,James Williams,olivia23@example.org,"6849 Kaitlyn Union Apt. 833, Neilton, KY 86407",2023-04-18
8,Elijah Wright,hgilbert@example.net,"54444 Donna Plaza, West Samantha, IL 01099",2025-02-12
9,Erica Tyler,courtneygordon@example.com,"5019 Katrina Extensions Suite 198, East Michaelfort, SC 40145",2024-08-11
10,Harold Bell,anthony63@example.net,"255 Derek Island, Lisafurt, TN 99460",2020-10-22
11,Amy Chen,harrisashley@example.org,"38194 David Squares Suite 300, South Manuelmouth, RI 54940",2024-12-13
12,William Daniels,melissaryan@example.org,"65315 Smith Island Suite 871, Hayestown, CA 90825",2023-12-29
13,Melanie Burke,kathleenwashington@example.com,"4541 Jennifer Trafficway, Beverlyton, PW 49127",2023-03-19
14,William Alexander,brendajoseph@example.org,"489 Deanna Street Apt. 177, Deborahtown, WV 31636",2022-12-05
15,Amber Tran,mtanner@example.net,"5772 Lori Oval Apt. 086, South Gregory, KS 57475",2022-07-03
16,Christine Brown,hollandlee@example.net,"2651 Mendoza Coves Apt. 725, Millsbury, DC 07460",2020-12-05
17,Olivia Stevens,dylan82@example.net,"99588 James Rapid, Clarkeville, RI 30842",2020-08-24
18,Breanna Walker,daniel44@example.org,"59665 David Turnpike Apt. 541, East Lindsey, MN 42487",2024-11-17
19,Jonathan Fuller,dclark@example.org,"298 Bryant Junctions Apt. 721, Brownshire, ND 84161",2020-12-06
20,Brandon Carpenter,danielmorgan@example.org,"723 Jennifer Groves Apt. 354, South Henry, MH 52949",2022-05-26
21,John Roy,qsmith@example.org,"56199 Douglas Course, New Scottchester, DC 37356",2020-12-16
22,Roger Gonzalez,kathleen53@example.com,"9131 Angela Avenue, Greenestad, MN 17520",2021-12-01
23,James Lam,eritter@example.org,"297 Avila Grove Suite 307, East Robertshire, AL 82875",2024-05-04
24,David Hart,sonyaward@example.net,"891 Crane Route Apt. 852, Port Hannahstad, VA 22106",2025-02-27
25,Vicki Brown,christensenemily@example.org,"5152 Daniel Street Suite 999, East Jessica, ME 94609",2023-06-22
26,Morgan Gaines,amorales@example.org,"9741 Samantha Glens Apt. 505, Lake Jeffreymouth, DC 20794",2021-06-15
27,Lori Gonzalez,johnsondoris@example.net,"182 Russell Villages, Lake Andrea, TX 34517",2024-08-31
28,Melissa Miller,mbaker@example.com,"10852 Allison Freeway, Nicholashaven, OH 37856",2021-10-25
29,Robert Evans,lynnrice@example.org,"910 Lambert Lights, Aprilton, FM 81742",2021-03-14
30,Bonnie Hernandez,hernandezheather@example.com,"23204 Camacho Green, Sethhaven, NM 15725",2023-04-25
31,Becky Wright,twilliams@example.net,"6479 Calderon Row Suite 401, Heathertown, HI 87871",2024-05-19
32,William Long,jwyatt@example.com,"839 Cathy Shoals Suite 947, North Emilybury, DC 92328",2023-08-12
33,Yvonne Larson,christophergutierrez@example.net,"885 Brian Tunnel, South Zacharyburgh, MD 67234",2021-12-24
34,Brian Adkins,brianpratt@example.net,"03922 Aaron Hollow, Lake Angela, OK 50180",2022-08-08
35,Kevin Perry,medinaveronica@example.org,"8551 Monroe Well Apt. 247, South Teresa, DC 96524",2024-05-26
36,Amy Reyes,stephendavis@example.com,"1892 Timothy Square, New Natashamouth, IN 57061",2020-11-24
37,Jasmine Grimes,lindsey59@example.com,"05099 Price Squares, Bradleyfort, FM 63756",2025-04-11
38,Miguel Shaw,fletchermichael@example.org,"5514 Gaines Spring Apt. 992, Logantown, RI 36016",2020-01-05
39,Jessica Ortega,blackedwin@example.org,"18495 Judith Tunnel Suite 646, Kennethland, MO 24291",2020-03-15
40,Angela Roth,johnathanbrennan@example.org,"8903 Michelle Prairie, Santosfurt, VI 47846",2024-12-20
41,Mr. Kenneth Goodwin,wilsonlarry@example.com,"USNV Gilbert, FPO AA 37168",2020-08-23
42,Jessica Schwartz,robertfields@example.com,"76821 Crystal Brook, Emilyview, MH 62810",2021-10-26
43,Brian Ross,jacobschneider@example.net,"903 Jordan Skyway Suite 583, Melissahaven, CO 08897",2020-09-07
44,David Hill,adriana33@example.com,"08853 Frank Trace, North Brianfurt, TX 10352",2020-11-08
45,Melissa Rodriguez,davidbryant@example.org,"00971 Tonya Camp, Mooreton, IL 42342",2022-10-11
46,Adam Spears,lanedana@example.com,"1968 Wilkerson Extension Suite 126, Nguyenhaven, DE 12226",2022-05-30
47,James Torres,zdickerson@example.org,"14836 Curtis Knoll Suite 722, New Robertville, NH 03974",2023-06-29
48,Angela Torres,michael72@example.net,"883 Martin Club Suite 254, Port Brandy, UT 86105",2021-05-13
49,Isabel Banks,juan61@example.com,"562 White Divide, Acevedoshire, OH 77203",2022-04-06
50,Billy Ward,kgarrett@example.net,"603 Lewis Via Suite 375, Reginamouth, MS 36378",2023-11-03
51,Dawn Moore MD,krista57@example.com,"8107 Nichols Turnpike Suite 047, East Elizabethtown, CO 58657",2022-06-12
52,Heather Long,thomasalison@example.net,"98316 Richardson Pine, Lake Sandra, RI 67094",2021-09-27
53,Maria Pollard,laurie00@example.net,"5333 Stout Mount Apt. 011, North Derekland, CT 49832",2022-11-13
54,Alexander Cruz,lesliebell@example.org,"1951 Jessica Crossroad Apt. 050, Sharonburgh, AS 92125",2020-09-19
55,Shawn Martinez,ianlopez@example.net,"0547 Patrick Corner Suite 245, Travistown, NM 27503",2021-05-25
56,Aaron Brooks,jacksonmatthew@example.net,"8880 Harris Creek, North Timfort, NM 28727",2022-11-20
57,Kelly Kerr,laura32@example.com,"0738 Reyes Glens Suite 340, Jacksonshire, KY 74696",2022-10-04
58,Brandon Ayala,diazmichael@example.net,"45844 Jennifer Shores Apt. 751, Roberthaven, CO 74666",2024-04-30
59,Stacy Taylor,garciacrystal@example.com,"PSC 8612, Box 5812, APO AE 07618",2020-01-02
60,Ronald Williams,tracy63@example.net,"PSC 4057, Box 3333, APO AE 94600",2023-02-10
61,Scott Obrien,ngardner@example.com,"57454 Amy Circles Suite 268, Kimmouth, PA 48487",2023-07-02
62,Jennifer Ayala,catherineramsey@example.org,"17817 Melissa Tunnel Apt. 783, Port Eric, FM 02500",2023-09-25
63,Carlos Norman,ortizkristie@example.net,"6927 Kelly Highway, Heatherstad, NC 22518",2024-12-13
64,Brian Owens,kcaldwell@example.com,"77753 Paul Ports, Davidstad, WI 49291",2023-02-23
65,Mark Kelly,whunter@example.org,"57847 Jared Street Apt. 279, Fernandezberg, WY 55456",2023-04-09
66,Shaun Meyer,gwalters@example.net,"71522 Michelle Station, Aliciahaven, NV 90433",2022-01-10
67,Margaret Tanner DVM,christina05@example.org,"6123 Kerr Ports Apt. 774, West Rebecca, WI 08013",2023-07-23
68,Cory Simpson,kdaniel@example.org,"4237 Maurice Landing, Christopherhaven, KY 31908",2023-07-02
69,Dr. Manuel Davis DDS,joan25@example.com,"5421 Daniel Courts Apt. 622, Brandybury, AL 58965",2021-02-23
70,Katherine Jones,austinashley@example.net,"41709 Patterson Alley Apt. 754, Diazberg, NY 07403",2023-08-05
71,Matthew Stewart,fhale@example.net,"8701 Craig Valleys, Halltown, NH 34567",2023-11-06
72,Emily Hall,zbarker@example.com,"8292 Melissa Stravenue Suite 913, Bakerburgh, AS 30788",2022-02-03
73,Katrina Lopez,youngdwayne@example.com,"163 Bridges Port Suite 521, Davidton, KS 58108",2022-09-20
74,Ronald Vaughan,wacevedo@example.net,"09593 Samuel Land Apt. 570, Joanmouth, WV 50359",2023-10-05
75,Joseph King,bowersjennifer@example.net,"534 Phillip Garden, Brianview, OK 75883",2020-01-04
76,Casey Ellis,joshuajohnson@example.org,"909 Alvarado Via Apt. 158, Tammyfurt, IA 57245",2022-11-09
77,Cathy Stevenson,david40@example.com,"07915 Robert Creek, Lake Loriborough, KS 45434",2023-04-10
78,Robert Keith,bbradley@example.net,"85346 Phillips Corner, Pattersonshire, MI 89754",2021-09-10
79,Michael Meyer,amyanderson@example.org,"6582 Sandra Stream, East Karen, TN 64567",2022-04-24
80,Taylor Vasquez,doris07@example.com,"Unit 4440 Box 5359, DPO AP 62804",2022-07-09
81,Heather Meyers,linda17@example.com,"345 Aaron Plaza Suite 941, Thomasville, NH 36338",2023-02-05
82,Chad Harding,polson@example.com,"145 Carter Mews, Johntown, DE 33857",2021-03-20
83,Marissa Blanchard,owilliams@example.net,"151 Shea Crossroad Suite 824, New Melvinstad, VA 77815",2022-01-18
84,Keith Jordan,kramirez@example.net,"35474 Kathleen Trace, Marcustown, NH 69429",2023-05-02
85,Rebecca Jones,ghanson@example.com,"004 Ralph Valleys Suite 593, Lisaside, IA 97153",2022-05-15
86,Dakota Harrison,meyerssteven@example.com,"4917 Donald Camp, Griffinton, OK 95975",2022-09-24
87,Antonio Stewart,singhthomas@example.org,"42722 Aaron Overpass, Port Kaylabury, CT 80682",2023-11-26
88,Andrea Delacruz,zacharywalker@example.net,"71272 Price Camp Apt. 908, West Adamport, RI 60369",2021-09-12
89,Cheyenne Martinez,rachelrobertson@example.net,"36558 Frazier Junctions Suite 976, Port Kevin, MI 35755",2022-09-14
90,Mary Harvey,kyle26@example.com,"USNS Gordon, FPO AE 70934",2025-02-18
91,Christopher Clements,anthony36@example.org,"9472 Gibson Branch, West Daniel, MI 40740",2025-04-17
92,Brian Stevens,walkertimothy@example.org,"545 Torres Grove Apt. 860, Port Justinland, KS 15990",2021-10-17
93,Richard Hayes,jerry97@example.org,"31113 Lamb Trace Suite 860, Leeburgh, NY 43274",2021-04-21
94,Nicholas Moreno,tinablair@example.net,"52446 Stein Shores, North Annaport, MH 59160",2020-01-10
95,Jonathan Miller,dhinton@example.org,"47413 Virginia Row, Daisyshire, CO 80890",2022-09-22
96,Laurie Pierce,wbrown@example.net,"910 Johnson Run, Lake Jacob, OH 98985",2020-10-11
97,Steven Webb,villajonathan@example.org,"0153 Hartman Park Apt. 716, Adamsland, MI 13488",2020-03-14
98,Mary Thomas,susan34@example.net,"28996 Savage Expressway Apt. 616, North Todd, NY 58142",2021-08-21
99,Kenneth Vang,kristi87@example.com,"24175 Roberta Square, Lake Paige, MS 26017",2024-06-18
100,Holly Johnston,gonzaleztodd@example.com,"37953 Sanders Rest, South Mary, AL 53068",2021-04-01
101,James Buchanan,tbush@example.com,"3593 Diaz Mills, West Ashleyland, NC 00592",2022-05-23
102,Sara Wall,jlarson@example.net,"USS Griffith, FPO AP 85275",2023-10-24
103,Thomas Mcintosh,robinjackson@example.com,"3101 Timothy Mall, Jasonburgh, IA 35356",2025-01-13
104,Jeffrey Quinn,weberjoseph@example.com,"37381 James Corner, Pinedahaven, AZ 98208",2020-08-10
105,Lisa Ashley,qdiaz@example.com,"9130 Jeffrey Place Suite 275, West Shellymouth, NY 60078",2022-12-26
106,Barbara Delacruz,hernandezamy@example.net,"12500 Andrea Trail Apt. 115, Wolfeborough, DE 32143",2024-01-29
107,Walter Reed,daniel93@example.org,"49621 Brian Walk Apt. 210, Taylorside, MH 31293",2020-10-27
108,Paul Castro,ddeleon@example.net,"3906 Rice Hill Apt. 321, Alisonhaven, ID 34737",2022-03-20
109,Ellen Diaz,kevinrobinson@example.org,"51816 White Vista Suite 532, South Raymondville, CO 81901",2024-03-06
110,James Rodriguez,patriciavalencia@example.org,"09380 Bailey Estates, North Ashley, VT 00910",2024-04-14
111,Ellen Mendoza,mcculloughtodd@example.org,"7415 Page Rapids, Gwendolynchester, WA 79540",2021-09-28
112,Jerry Mcmillan,estesbrandi@example.com,"4894 Denise Wells Suite 980, Heatherport, TX 51535",2025-02-25
113,Michael Pitts,emiller@example.net,"5698 Poole Fall Suite 088, Bonnieton, MP 70342",2022-07-12
114,Steven Jones,michealbailey@example.com,"70811 Kerry Crescent Suite 953, Port Jessica, PA 06912",2025-05-02
115,Nicole Garcia,maryallison@example.org,"4663 Daniel Drives, Port Kevin, MI 45622",2022-01-05
116,Nicole Lewis,ibird@example.net,"8104 Benjamin Crescent, Shahhaven, PR 80398",2021-10-19
117,Nicholas Diaz,kylerodriguez@example.net,"12888 Janet Divide, Chelsealand, MA 11442",2023-06-17
118,Cheryl Maxwell,annajones@example.org,"634 Green Glens Suite 188, Barryton, PA 84221",2021-06-10
119,Michael Delgado,cbrown@example.com,"7506 Gomez Cape Apt. 560, Cindyside, OK 74878",2024-12-31
120,Rachel Campbell,qyoung@example.net,"129 Martin Ramp, Loriville, MI 12785",2023-07-22
121,Reginald Meyer,erinrice@example.net,"61968 Conner Landing Apt. 852, New Vickie, PA 05942",2020-02-10
122,Bridget Morrow,rebecca83@example.net,"867 Bryant Divide Suite 044, North Richard, FM 70362",2025-01-11
123,Tiffany Green,foxsusan@example.org,"4554 Crystal Fords, Laurenville, MP 36622",2021-01-30
124,Jason Mayo,russoleon@example.net,"Unit 3577 Box 8821, DPO AP 43867",2020-03-26
125,Devin Walker,jamescooper@example.org,"57832 Romero Mountains, Garychester, ID 46749",2022-02-24
126,Jason Frederick,bhudson@example.com,"Unit 7349 Box 3830, DPO AP 87042",2024-07-02
127,Vincent Cox,fhoover@example.net,"279 Allen Unions, Williamsonport, NM 16987",2021-03-26
128,Edward Vazquez,julia75@example.com,"89595 Kimberly Points Suite 731, South Patty, MD 10802",2022-12-12
129,Alexandra Rogers,mark79@example.com,"688 Denise Field Suite 105, New Misty, DE 80796",2022-08-05
130,Jose Hall,huynhsteve@example.com,"665 Hodge Villages Suite 156, New Noahfort, AZ 01428",2023-06-21
131,Courtney Smith,johnsonjacob@example.net,"714 Richardson Roads Suite 154, Andersonshire, WV 89227",2024-12-21
132,Michael Simpson,barberrandall@example.org,"266 Andrew Village, Jasonberg, NM 17795",2020-11-22
133,Christina Ford,ldelgado@example.net,"2579 Doyle Highway, East Evan, ID 19979",2021-10-01
134,Wanda Wood,twaller@example.org,"721 Smith Skyway, Lisatown, DC 88895",2023-01-16
135,Gregg Simon,michelleparker@example.com,"0774 Amber Cove, East Jodi, WA 26677",2021-08-08
136,Victoria Ruiz MD,andrew64@example.com,"011 Douglas Ranch Suite 319, Figueroaburgh, MN 87678",2023-08-06
137,Jonathan Walker,karen14@example.com,"65076 Olivia Harbor, New Nicholashaven, NY 73721",2022-09-23
138,Nicholas Moss,samanthadean@example.com,"1347 Brown Springs, Toddland, MI 65139",2025-03-20
139,Kathryn Abbott,amacdonald@example.net,"070 Wiley Manor Apt. 781, Smallside, WY 58420",2023-12-08
140,Savannah Williams,brandonlara@example.net,"7310 Mary Green Apt. 378, Curryborough, WV 00622",2024-06-15
141,Shane Butler,katelynpaul@example.net,"01621 James Corner, New David, CT 28375",2021-03-12
142,Victoria Phillips,adamanderson@example.org,"3070 Mitchell Via, Schaeferhaven, NC 96818",2022-12-26
143,Natalie Morris,mwall@example.net,"PSC 1231, Box 0157, APO AE 88485",2020-05-08
144,Benjamin Raymond,ckelley@example.org,"2600 Cortez Squares Suite 186, North Jeffrey, NY 72815",2023-02-23
145,Rebecca Woodard,yflores@example.org,"70556 Brown Island, Smithbury, MO 97904",2023-11-18
146,Clayton Carter,carolynhester@example.com,"8960 Curtis Ramp Apt. 855, Courtneyside, VI 97858",2023-12-18
147,Claire Mullins,williamfitzgerald@example.net,"3975 Kelly Dam Apt. 383, Port Christopherton, PR 30107",2020-10-28
148,Sarah Bell,amorales@example.org,"PSC 5211, Box 1840, APO AP 18742",2021-01-12
149,Mr. Juan Chase Jr.,munozsara@example.org,"846 Richard Groves, Williamsfort, AS 93195",2023-04-19
150,Jeffrey Bowen,ffranklin@example.com,"43721 Billy Extension, Krauseborough, MI 97039",2021-10-10
151,Daniel Hernandez,joseph74@example.net,"3826 Amy Oval, Port Michaeltown, MI 51831",2022-03-15
152,Adam Thompson,morganfrank@example.net,"87192 Darin Squares Suite 644, North Taraland, FL 63575",2022-08-04
153,Amanda Carter,paul41@example.com,"48479 Brian Pine, South Angela, RI 59881",2023-06-02
154,Christine Watkins,laurengonzalez@example.org,"2174 Jessica Bypass Apt. 235, Morristown, GU 12650",2022-11-04
155,John Lopez,brownmichael@example.org,"685 Silva Bypass Apt. 588, Lake Rachel, NH 28941",2020-04-23
156,Joshua Moreno,nicholasthompson@example.org,"6351 Edward Crescent Apt. 637, West Andrew, NM 48343",2022-04-24
157,Chelsea Sharp,kimberly81@example.net,"61900 Fitzpatrick Spur, New Alexandriachester, ND 82864",2025-02-16
158,Joshua Payne,yolanda07@example.net,"50642 Scott Throughway, East Donna, GA 79431",2022-08-10
159,Rachel Figueroa,dmartinez@example.com,"044 Hill Ville, West Erica, IN 38903",2020-09-30
160,William Lowery,kgibson@example.org,"4787 Joseph Crossroad Suite 194, Port Jamesmouth, KY 44634",2022-12-19
161,Thomas Morris,armstrongmargaret@example.com,"7024 Le Mall Suite 113, Hernandezburgh, RI 55773",2025-04-13
162,Michael Jackson MD,klambert@example.com,"70715 James Islands, Smithshire, PW 53438",2023-06-24
163,Matthew Munoz,susan52@example.com,"5559 Chelsea Fields, East Danielview, VT 18708",2022-03-04
164,Robert Dawson,byoder@example.com,"85629 Katherine Groves, South Michele, UT 77399",2021-02-22
165,Michael Bell,wendychase@example.org,"75265 Jeff Isle Suite 344, West Anneborough, HI 15997",2020-04-09
166,Ronald Cervantes,micheledean@example.net,"2910 Kerry Throughway Apt. 834, West Joannside, NY 79964",2024-07-21
167,Richard Hopkins,sandra38@example.org,"USNS Lee, FPO AP 61526",2022-07-23
168,Joseph Burke,sarahsnyder@example.net,"Unit 1044 Box 4752, DPO AA 66938",2020-05-18
169,Laurie Bryant,carsonashley@example.com,"921 Mcintyre Shore Suite 971, Jamesborough, WA 09501",2024-03-19
170,Kelly Harris,jasonfrazier@example.org,"015 Stephen Drive, Johnsonborough, HI 85824",2020-03-27
171,Brett Allen,lisa96@example.org,"6270 Stark Cliff Apt. 001, Patelmouth, NH 35238",2021-01-26
172,Theresa Smith,cparker@example.net,"7549 Harrington Locks, South Benjaminfort, MN 02950",2021-10-08
173,Robert Howard,sarahbarr@example.net,"3045 Jackson Vista, Port Richard, TN 28841",2020-05-13
174,Mason Graham,heather44@example.com,"6132 Jason Fords, South Nicole, KY 70388",2020-05-01
175,Joseph Davis,sherriyoung@example.org,"98131 Campbell Valleys, New Rebeccahaven, UT 16804",2021-11-27
176,Monica Foster,holly15@example.org,"875 Sarah Lights, Lake Ashleyberg, MH 93063",2020-02-13
177,Jeffrey Moyer,lopezsamantha@example.com,"63236 Wolfe Forks, Hickschester, SD 52228",2022-07-07
178,Regina Murphy,jcharles@example.net,"54034 John Fork, Moorestad, PW 94595",2021-08-28
179,Nicholas Haynes,tiffanyevans@example.org,"Unit 8725 Box 3351, DPO AA 10125",2023-08-17
180,Scott Boyd,adamhamilton@example.com,"USCGC Garcia, FPO AP 95578",2022-08-02
181,Willie Bradshaw,fwolfe@example.com,"USS Young, FPO AP 90953",2020-05-19
182,Brian Henderson,timothy48@example.com,"81067 Lisa Manor, Port Jacob, AK 96225",2020-10-08
183,Teresa Rice PhD,pbarnes@example.net,"854 Cruz Stravenue Suite 637, Sallyfort, SD 32795",2022-10-14
184,Mary Hayes,williamsjudith@example.com,"5368 Jacobson Walk, Chaseside, AR 63484",2020-04-06
185,Anthony Carroll,kyle18@example.org,"483 Rebecca Burg, Rogershaven, UT 42219",2020-03-31
186,Bradley Flores,nmurphy@example.org,"70928 James Extensions, West Marieshire, GU 36064",2023-04-08
187,Scott Moore,hansonjamie@example.com,"0448 Lynch Island Suite 448, Williamsport, LA 81822",2022-04-18
188,Tammy Harmon,brian28@example.org,"0743 Todd Stravenue, Nicholsport, MN 38478",2022-06-21
189,Carol Osborne,evansmichael@example.org,"09259 Jeffrey Alley, Johnsonberg, WI 72725",2024-02-26
190,Reginald Miller,hreynolds@example.net,"377 Richard Road, North Thomasmouth, NY 45588",2021-10-19
191,Robert Velazquez,cthompson@example.org,"699 Bruce Pike Apt. 067, South Rogerborough, AS 97745",2023-01-29
192,Deborah Mccormick,kvega@example.com,"80280 Christian Orchard Suite 608, West Kimberly, NJ 68215",2022-12-12
193,Daisy Jackson,jonathan35@example.net,"690 Amber Streets Apt. 614, Lake William, VA 16469",2021-03-26
194,Joshua Bailey,xmiranda@example.net,"3684 Salazar Valley Apt. 730, East Jackside, MO 76249",2020-07-04
195,Lindsey Flores,diana85@example.net,"03199 George Springs Apt. 273, Amyshire, MI 69062",2020-09-29
196,Matthew Brown,nelsonmichele@example.org,"25350 Williamson Via, North Mario, NM 01317",2024-06-30
197,Stephanie Morris MD,jstanley@example.org,"92824 Edwards Oval, North Markmouth, PA 17482",2022-06-14
198,Tammy Huynh,schultzchristopher@example.net,"254 Darlene Extension Apt. 678, West Heidi, AL 14759",2020-01-05
199,John Luna,weissmatthew@example.net,"97498 Glover Plains, Port Heatherhaven, GA 90705",2022-08-17
200,Melissa Liu,vaughanjoshua@example.net,"42819 Miller Meadow Suite 171, Millershire, WI 87226",2020-07-21
